{
  "auc_test": 0.4717384160368058,
  "ks_test": 0.11929017417022675,
  "gini_test": -0.05652316792638845,
  "psi": 0.22452847579062096
}