{
  "auc_test": 0.5295411809741755,
  "ks_test": 0.06825811146774141,
  "gini_test": 0.059082361948350925,
  "psi": 0.15503012954834544
}